season,total_revenue,cancellation_rate
Fall,5905606.73,0.23340332741075756
Spring,7916176.95,0.28136193165058365
Summer,16151708.71,0.31583841305920035
Winter,3920038.86,0.24096233782592266
